# Custom partition table for inetbox2mqtt (4MB flash, dual OTA app slots).
#
# The stock "default.csv" table (2x 0x140000 app slots) became too small once
# HTTPClient/HTTPUpdate/WiFiClientSecure (OTA) were added. This table enlarges
# both app partitions to 0x1D0000 (~1.86MB) each and shrinks the unused SPIFFS
# partition (this project has no filesystem data - the web UI is embedded in
# flash as a C string, see src/WebAssets.h) to reclaim the space.
#
# Name,     Type, SubType, Offset,   Size,     Flags
nvs,        data, nvs,     0x9000,   0x5000,
otadata,    data, ota,     0xe000,   0x2000,
app0,       app,  ota_0,   0x10000,  0x1D0000,
app1,       app,  ota_1,   0x1E0000, 0x1D0000,
spiffs,     data, spiffs,  0x3B0000, 0x40000,
coredump,   data, coredump,0x3F0000, 0x10000,
